[
  {
    "Title": "Avengers: Age of Ultron",
    "Year": "2015",
    "Rated": "PG-13",
    "Released": "01 May 2015",
    "Runtime": "141 min",
    "Genre": "Action, Adventure, Sci-Fi",
    "Director": "Joss Whedon",
    "Writer": "Joss Whedon, Stan Lee (Marvel comics), Jack Kirby (Marvel comics)",
    "Actors": "Robert Downey Jr., Chris Hemsworth, Mark Ruffalo, Chris Evans",
    "Plot": "When Tony Stark and Bruce Banner try to jump-start a dormant peacekeeping program called Ultron, things go horribly wrong and it's up to Earth's Mightiest Heroes to stop the villainous Ultron from enacting his terrible plans.",
    "Language": "English",
    "Country": "USA",
    "Awards": "1 win & 12 nominations.",
    "Poster": "http://ia.media-imdb.com/images/M/MV5BMTU4MDU3NDQ5Ml5BMl5BanBnXkFtZTgwOTU5MDUxNTE@._V1_SX300.jpg",
    "Metascore": "66",
    "imdbRating": "7.6",
    "imdbVotes": "370,909",
    "imdbID": "tt2395427",
    "Type": "movie"
  },
  {
    "Title": "The Avengers",
    "Year": "2012",
    "Rated": "PG-13",
    "Released": "04 May 2012",
    "Runtime": "143 min",
    "Genre": "Action, Sci-Fi, Thriller",
    "Director": "Joss Whedon",
    "Writer": "Joss Whedon (screenplay), Zak Penn (story), Joss Whedon (story)",
    "Actors": "Robert Downey Jr., Chris Evans, Mark Ruffalo, Chris Hemsworth",
    "Plot": "Earth's mightiest heroes must come together and learn to fight as a team if they are to stop the mischievous Loki and his alien army from enslaving humanity.",
    "Language": "English, Russian",
    "Country": "USA",
    "Awards": "Nominated for 1 Oscar. Another 35 wins & 76 nominations.",
    "Poster": "http://ia.media-imdb.com/images/M/MV5BMTk2NTI1MTU4N15BMl5BanBnXkFtZTcwODg0OTY0Nw@@._V1_SX300.jpg",
    "Metascore": "69",
    "imdbRating": "8.1",
    "imdbVotes": "920,458",
    "imdbID": "tt0848228",
    "Type": "movie"
  },
  {
    "Title": "The Shawshank Redemption",
    "Year": "1994",
    "Rated": "R",
    "Released": "14 Oct 1994",
    "Runtime": "142 min",
    "Genre": "Crime, Drama",
    "Director": "Frank Darabont",
    "Writer": "Stephen King (short story \"Rita Hayworth and Shawshank Redemption\"), Frank Darabont (screenplay)",
    "Actors": "Tim Robbins, Morgan Freeman, Bob Gunton, William Sadler",
    "Plot": "Two imprisoned men bond over a number of years, finding solace and eventual redemption through acts of common decency.",
    "Language": "English",
    "Country": "USA",
    "Awards": "Nominated for 7 Oscars. Another 14 wins & 20 nominations.",
    "Poster": "http://ia.media-imdb.com/images/M/MV5BODU4MjU4NjIwNl5BMl5BanBnXkFtZTgwMDU2MjEyMDE@._V1_SX300.jpg",
    "Metascore": "80",
    "imdbRating": "9.3",
    "imdbVotes": "1,590,699",
    "imdbID": "tt0111161",
    "Type": "movie"
  },
  {
    "Title": "Batman Begins",
    "Year": "2005",
    "Rated": "PG-13",
    "Released": "15 Jun 2005",
    "Runtime": "140 min",
    "Genre": "Action, Adventure",
    "Director": "Christopher Nolan",
    "Writer": "Bob Kane (characters), David S. Goyer (story), Christopher Nolan (screenplay), David S. Goyer (screenplay)",
    "Actors": "Christian Bale, Michael Caine, Liam Neeson, Katie Holmes",
    "Plot": "After training with his mentor, Batman begins his war on crime to free the crime-ridden Gotham City from corruption that the Scarecrow and the League of Shadows have cast upon it.",
    "Language": "English, Urdu, Mandarin",
    "Country": "USA, UK",
    "Awards": "Nominated for 1 Oscar. Another 16 wins & 63 nominations.",
    "Poster": "http://ia.media-imdb.com/images/M/MV5BNTM3OTc0MzM2OV5BMl5BanBnXkFtZTYwNzUwMTI3._V1_SX300.jpg",
    "Metascore": "70",
    "imdbRating": "8.3",
    "imdbVotes": "906,246",
    "imdbID": "tt0372784",
    "Type": "movie"
  },
  {
    "Title": "The Dark Knight",
    "Year": "2008",
    "Rated": "PG-13",
    "Released": "18 Jul 2008",
    "Runtime": "152 min",
    "Genre": "Action, Crime, Drama",
    "Director": "Christopher Nolan",
    "Writer": "Jonathan Nolan (screenplay), Christopher Nolan (screenplay), Christopher Nolan (story), David S. Goyer (story), Bob Kane (characters)",
    "Actors": "Christian Bale, Heath Ledger, Aaron Eckhart, Michael Caine",
    "Plot": "When the menace known as the Joker wreaks havoc and chaos on the people of Gotham, the caped crusader must come to terms with one of the greatest psychological tests of his ability to fight injustice.",
    "Language": "English, Mandarin",
    "Country": "USA, UK",
    "Awards": "Won 2 Oscars. Another 141 wins & 126 nominations.",
    "Poster": "http://ia.media-imdb.com/images/M/MV5BMTMxNTMwODM0NF5BMl5BanBnXkFtZTcwODAyMTk2Mw@@._V1_SX300.jpg",
    "Metascore": "82",
    "imdbRating": "9.0",
    "imdbVotes": "1,564,829",
    "imdbID": "tt0468569",
    "Type": "movie"
  },
  {
    "Title": "The Dark Knight Rises",
    "Year": "2012",
    "Rated": "PG-13",
    "Released": "20 Jul 2012",
    "Runtime": "164 min",
    "Genre": "Action, Thriller",
    "Director": "Christopher Nolan",
    "Writer": "Jonathan Nolan (screenplay), Christopher Nolan (screenplay), Christopher Nolan (story), David S. Goyer (story), Bob Kane (characters)",
    "Actors": "Christian Bale, Gary Oldman, Tom Hardy, Joseph Gordon-Levitt",
    "Plot": "Eight years after the Joker's reign of anarchy, the Dark Knight, with the help of the enigmatic Selia, is forced from his imposed exile to save Gotham City, now on the edge of total annihilation, from the brutal guerrilla terrorist Bane.",
    "Language": "English",
    "Country": "USA, UK",
    "Awards": "Nominated for 1 BAFTA Film Award. Another 44 wins & 98 nominations.",
    "Poster": "http://ia.media-imdb.com/images/M/MV5BMTk4ODQzNDY3Ml5BMl5BanBnXkFtZTcwODA0NTM4Nw@@._V1_SX300.jpg",
    "Metascore": "78",
    "imdbRating": "8.5",
    "imdbVotes": "1,070,247",
    "imdbID": "tt1345836",
    "Type": "movie"
  },
  {
    "Title": "The Revenant",
    "Year": "2015",
    "Rated": "R",
    "Released": "08 Jan 2016",
    "Runtime": "156 min",
    "Genre": "Adventure, Drama, Thriller",
    "Director": "Alejandro González Iñárritu",
    "Writer": "Mark L. Smith (screenplay), Alejandro González Iñárritu (screenplay), Michael Punke (based in part on the novel by)",
    "Actors": "Leonardo DiCaprio, Tom Hardy, Domhnall Gleeson, Will Poulter",
    "Plot": "A frontiersman on a fur trading expedition in the 1820's fights for survival after being mauled by a bear and left for dead by members of his own hunting team.",
    "Language": "English, French, Pawnee",
    "Country": "USA",
    "Awards": "Nominated for 12 Oscars. Another 29 wins & 118 nominations.",
    "Poster": "http://ia.media-imdb.com/images/M/MV5BMjU4NDExNDM1NF5BMl5BanBnXkFtZTgwMDIyMTgxNzE@._V1_SX300.jpg",
    "Metascore": "77",
    "imdbRating": "8.3",
    "imdbVotes": "86,285",
    "imdbID": "tt1663202",
    "Type": "movie"
  },
  {
    "Title": "Star Wars: The Force Awakens",
    "Year": "2015",
    "Rated": "PG-13",
    "Released": "18 Dec 2015",
    "Runtime": "135 min",
    "Genre": "Action, Adventure, Fantasy",
    "Director": "J.J. Abrams",
    "Writer": "Lawrence Kasdan, J.J. Abrams, Michael Arndt, George Lucas (based on characters created by)",
    "Actors": "Harrison Ford, Mark Hamill, Carrie Fisher, Adam Driver",
    "Plot": "Three decades after the defeat of the Galactic Empire, a new threat arises. The First Order attempts to rule the galaxy and only a ragtag group of heroes can stop them, along with the help of the Resistance.",
    "Language": "English",
    "Country": "USA",
    "Awards": "Nominated for 5 Oscars. Another 2 wins & 25 nominations.",
    "Poster": "http://ia.media-imdb.com/images/M/MV5BOTAzODEzNDAzMl5BMl5BanBnXkFtZTgwMDU1MTgzNzE@._V1_SX300.jpg",
    "Metascore": "81",
    "imdbRating": "8.4",
    "imdbVotes": "390,401",
    "imdbID": "tt2488496",
    "Type": "movie"
  },
  {
    "Title": "The Martian",
    "Year": "2015",
    "Rated": "PG-13",
    "Released": "02 Oct 2015",
    "Runtime": "144 min",
    "Genre": "Adventure, Comedy, Drama",
    "Director": "Ridley Scott",
    "Writer": "Drew Goddard (screenplay), Andy Weir (book)",
    "Actors": "Matt Damon, Jessica Chastain, Kristen Wiig, Jeff Daniels",
    "Plot": "During a manned mission to Mars, Astronaut Mark Watney is presumed dead after a fierce storm and left behind by his crew. But Watney has survived and finds himself stranded and alone on the hostile planet. With only meager supplies, he must draw upon his ingenuity, wit and spirit to subsist and find a way to signal to Earth that he is alive.",
    "Language": "English, Mandarin",
    "Country": "USA, UK",
    "Awards": "Won 2 Golden Globes. Another 16 wins & 117 nominations.",
    "Poster": "http://ia.media-imdb.com/images/M/MV5BMTc2MTQ3MDA1Nl5BMl5BanBnXkFtZTgwODA3OTI4NjE@._V1_SX300.jpg",
    "Metascore": "80",
    "imdbRating": "8.1",
    "imdbVotes": "275,300",
    "imdbID": "tt3659388",
    "Type": "movie"
  },
  {
    "Title": "Airlift",
    "Year": "2016",
    "Rated": "N/A",
    "Released": "22 Jan 2016",
    "Runtime": "N/A",
    "Genre": "Drama, History, Thriller",
    "Director": "Raja Menon",
    "Writer": "Ritesh Shah, Suresh Nair, Raja Menon, Rahul Nangia",
    "Actors": "Akshay Kumar, Nimrat Kaur, Feryna Wazheir, Pawan Chopra",
    "Plot": "Airlift is an uplifting and entertaining edge-of-the-seat thriller and is the story of the biggest ever human evacuation in the history of mankind.",
    "Language": "Hindi",
    "Country": "India",
    "Awards": "N/A",
    "Poster": "http://ia.media-imdb.com/images/M/MV5BMTAzZmJiOGQtOWM3NS00MDEwLWJiNGEtN2QzMDM3NDJjMWQwXkEyXkFqcGdeQXVyNDUzOTQ5MjY@._V1_SX300.jpg",
    "Metascore": "N/A",
    "imdbRating": "N/A",
    "imdbVotes": "N/A",
    "imdbID": "tt4387040",
    "Type": "movie"
  },
  {
    "Title": "Mad Max: Fury Road",
    "Year": "2015",
    "Rated": "R",
    "Released": "15 May 2015",
    "Runtime": "120 min",
    "Genre": "Action, Adventure, Sci-Fi",
    "Director": "George Miller",
    "Writer": "George Miller, Brendan McCarthy, Nick Lathouris",
    "Actors": "Tom Hardy, Charlize Theron, Nicholas Hoult, Hugh Keays-Byrne",
    "Plot": "A woman rebels against a tyrannical ruler in post apocalyptic Australia in search for her homeland with the help of a group of female prisoners, a psychotic worshiper, and a drifter named Max.",
    "Language": "English, Russian",
    "Country": "Australia, USA",
    "Awards": "Nominated for 2 Golden Globes. Another 81 wins & 133 nominations.",
    "Poster": "http://ia.media-imdb.com/images/M/MV5BMTUyMTE0ODcxNF5BMl5BanBnXkFtZTgwODE4NDQzNTE@._V1_SX300.jpg",
    "Metascore": "89",
    "imdbRating": "8.2",
    "imdbVotes": "420,369",
    "imdbID": "tt1392190",
    "Type": "movie"
  },
  {
    "Title": "Spectre",
    "Year": "2015",
    "Rated": "PG-13",
    "Released": "06 Nov 2015",
    "Runtime": "148 min",
    "Genre": "Action, Adventure, Thriller",
    "Director": "Sam Mendes",
    "Writer": "John Logan (screenplay), Neal Purvis (screenplay), Robert Wade (screenplay), Jez Butterworth (screenplay), John Logan (story), Neal Purvis (story), Robert Wade (story), Ian Fleming (characters)",
    "Actors": "Daniel Craig, Christoph Waltz, Léa Seydoux, Ralph Fiennes",
    "Plot": "A cryptic message from Bond's past sends him on a trail to uncover a sinister organization. While M battles political forces to keep the secret service alive, Bond peels back the layers of deceit to reveal the terrible truth behind SPECTRE.",
    "Language": "English, Spanish, Italian, German, French",
    "Country": "UK, USA",
    "Awards": "Nominated for 1 Golden Globe. Another 2 wins & 11 nominations.",
    "Poster": "http://ia.media-imdb.com/images/M/MV5BMjM2Nzg4MzkwOF5BMl5BanBnXkFtZTgwNzA0OTE3NjE@._V1_SX300.jpg",
    "Metascore": "60",
    "imdbRating": "7.0",
    "imdbVotes": "161,439",
    "imdbID": "tt2379713",
    "Type": "movie"
  },
  {
    "Title": "The Godfather",
    "Year": "1972",
    "Rated": "R",
    "Released": "24 Mar 1972",
    "Runtime": "175 min",
    "Genre": "Crime, Drama",
    "Director": "Francis Ford Coppola",
    "Writer": "Mario Puzo (screenplay), Francis Ford Coppola (screenplay), Mario Puzo (novel)",
    "Actors": "Marlon Brando, Al Pacino, James Caan, Richard S. Castellano",
    "Plot": "The aging patriarch of an organized crime dynasty transfers control of his clandestine empire to his reluctant son.",
    "Language": "English, Italian, Latin",
    "Country": "USA",
    "Awards": "Won 3 Oscars. Another 23 wins & 27 nominations.",
    "Poster": "http://ia.media-imdb.com/images/M/MV5BMjEyMjcyNDI4MF5BMl5BanBnXkFtZTcwMDA5Mzg3OA@@._V1_SX300.jpg",
    "Metascore": "100",
    "imdbRating": "9.2",
    "imdbVotes": "1,085,001",
    "imdbID": "tt0068646",
    "Type": "movie"
  },
  {
    "Title": "Interstellar",
    "Year": "2014",
    "Rated": "PG-13",
    "Released": "07 Nov 2014",
    "Runtime": "169 min",
    "Genre": "Adventure, Drama, Sci-Fi",
    "Director": "Christopher Nolan",
    "Writer": "Jonathan Nolan, Christopher Nolan",
    "Actors": "Ellen Burstyn, Matthew McConaughey, Mackenzie Foy, John Lithgow",
    "Plot": "A team of explorers travel through a wormhole in space in an attempt to ensure humanity's survival.",
    "Language": "English",
    "Country": "USA, UK",
    "Awards": "Won 1 Oscar. Another 35 wins & 123 nominations.",
    "Poster": "http://ia.media-imdb.com/images/M/MV5BMjIxNTU4MzY4MF5BMl5BanBnXkFtZTgwMzM4ODI3MjE@._V1_SX300.jpg",
    "Metascore": "74",
    "imdbRating": "8.6",
    "imdbVotes": "821,030",
    "imdbID": "tt0816692",
    "Type": "movie"
  },
  {
    "Title": "The Wolf of Wall Street",
    "Year": "2013",
    "Rated": "R",
    "Released": "25 Dec 2013",
    "Runtime": "180 min",
    "Genre": "Biography, Comedy, Crime",
    "Director": "Martin Scorsese",
    "Writer": "Terence Winter (screenplay), Jordan Belfort (book)",
    "Actors": "Leonardo DiCaprio, Jonah Hill, Margot Robbie, Matthew McConaughey",
    "Plot": "Based on the true story of Jordan Belfort, from his rise to a wealthy stock-broker living the high life to his fall involving crime, corruption and the federal government.",
    "Language": "English, French",
    "Country": "USA",
    "Awards": "Nominated for 5 Oscars. Another 34 wins & 146 nominations.",
    "Poster": "http://ia.media-imdb.com/images/M/MV5BMjIxMjgxNTk0MF5BMl5BanBnXkFtZTgwNjIyOTg2MDE@._V1_SX300.jpg",
    "Metascore": "75",
    "imdbRating": "8.2",
    "imdbVotes": "704,754",
    "imdbID": "tt0993846",
    "Type": "movie"
  },
  {
    "Title": "Steve Jobs",
    "Year": "2015",
    "Rated": "R",
    "Released": "23 Oct 2015",
    "Runtime": "122 min",
    "Genre": "Biography, Drama",
    "Director": "Danny Boyle",
    "Writer": "Aaron Sorkin (screenplay), Walter Isaacson (book)",
    "Actors": "Michael Fassbender, Kate Winslet, Seth Rogen, Jeff Daniels",
    "Plot": "Steve Jobs takes us behind the scenes of the digital revolution, to paint a portrait of the man at its epicenter. The story unfolds backstage at three iconic product launches, ending in 1998 with the unveiling of the iMac.",
    "Language": "English",
    "Country": "USA, UK",
    "Awards": "Nominated for 2 Oscars. Another 12 wins & 81 nominations.",
    "Poster": "http://ia.media-imdb.com/images/M/MV5BMjE0NTA2MTEwOV5BMl5BanBnXkFtZTgwNzg4NzU2NjE@._V1_SX300.jpg",
    "Metascore": "82",
    "imdbRating": "7.5",
    "imdbVotes": "31,999",
    "imdbID": "tt3565344",
    "Type": "movie"
  },
  {
    "Title": "Guardians of the Galaxy",
    "Year": "2014",
    "Rated": "PG-13",
    "Released": "01 Aug 2014",
    "Runtime": "121 min",
    "Genre": "Action, Adventure, Sci-Fi",
    "Director": "James Gunn",
    "Writer": "James Gunn, Nicole Perlman, Dan Abnett (comic book), Andy Lanning (comic book)",
    "Actors": "Chris Pratt, Zoe Saldana, Dave Bautista, Vin Diesel",
    "Plot": "A group of intergalactic criminals are forced to work together to stop a fanatical warrior from taking control of the universe.",
    "Language": "English",
    "Country": "USA, UK",
    "Awards": "Nominated for 2 Oscars. Another 45 wins & 87 nominations.",
    "Poster": "http://ia.media-imdb.com/images/M/MV5BMTAwMjU5OTgxNjZeQTJeQWpwZ15BbWU4MDUxNDYxODEx._V1_SX300.jpg",
    "Metascore": "76",
    "imdbRating": "8.1",
    "imdbVotes": "606,903",
    "imdbID": "tt2015381",
    "Type": "movie"
  },
  {
    "Title": "Inception",
    "Year": "2010",
    "Rated": "PG-13",
    "Released": "16 Jul 2010",
    "Runtime": "148 min",
    "Genre": "Action, Mystery, Sci-Fi",
    "Director": "Christopher Nolan",
    "Writer": "Christopher Nolan",
    "Actors": "Leonardo DiCaprio, Joseph Gordon-Levitt, Ellen Page, Tom Hardy",
    "Plot": "A thief who steals corporate secrets through use of the dream-sharing technology is given the inverse task of planting an idea into the mind of a CEO.",
    "Language": "English, Japanese, French",
    "Country": "USA, UK",
    "Awards": "Won 4 Oscars. Another 138 wins & 192 nominations.",
    "Poster": "http://ia.media-imdb.com/images/M/MV5BMjAxMzY3NjcxNF5BMl5BanBnXkFtZTcwNTI5OTM0Mw@@._V1_SX300.jpg",
    "Metascore": "74",
    "imdbRating": "8.8",
    "imdbVotes": "1,366,602",
    "imdbID": "tt1375666",
    "Type": "movie"
  },
  {
    "Title": "The Walk",
    "Year": "2015",
    "Rated": "PG",
    "Released": "09 Oct 2015",
    "Runtime": "123 min",
    "Genre": "Adventure, Biography, Drama",
    "Director": "Robert Zemeckis",
    "Writer": "Robert Zemeckis (screenplay), Christopher Browne (screenplay), Philippe Petit (book)",
    "Actors": "Joseph Gordon-Levitt, Guillaume Baillargeon, Émilie Leclerc, Mark Trafford",
    "Plot": "In 1974, high-wire artist Philippe Petit recruits a team of people to help him realize his dream: to walk the immense void between the World Trade Center towers.",
    "Language": "English, French",
    "Country": "USA",
    "Awards": "1 win & 9 nominations.",
    "Poster": "http://ia.media-imdb.com/images/M/MV5BNTY4MzA4Mzc5Nl5BMl5BanBnXkFtZTgwNDIzMzk5NjE@._V1_SX300.jpg",
    "Metascore": "70",
    "imdbRating": "7.5",
    "imdbVotes": "47,717",
    "imdbID": "tt3488710",
    "Type": "movie"
  },
  {
    "Title": "Pulp Fiction",
    "Year": "1994",
    "Rated": "R",
    "Released": "14 Oct 1994",
    "Runtime": "154 min",
    "Genre": "Crime, Drama",
    "Director": "Quentin Tarantino",
    "Writer": "Quentin Tarantino (story), Roger Avary (story), Quentin Tarantino",
    "Actors": "Tim Roth, Laura Lovelace, John Travolta, Samuel L. Jackson",
    "Plot": "The lives of two mob hit men, a boxer, a gangster's wife, and a pair of diner bandits intertwine in four tales of violence and redemption.",
    "Language": "English, Spanish, French",
    "Country": "USA",
    "Awards": "Won 1 Oscar. Another 53 wins & 58 nominations.",
    "Poster": "http://ia.media-imdb.com/images/M/MV5BMTkxMTA5OTAzMl5BMl5BanBnXkFtZTgwNjA5MDc3NjE@._V1_SX300.jpg",
    "Metascore": "94",
    "imdbRating": "8.9",
    "imdbVotes": "1,235,868",
    "imdbID": "tt0110912",
    "Type": "movie"
  },
  {
    "Title": "Schindler's List",
    "Year": "1993",
    "Rated": "R",
    "Released": "04 Feb 1994",
    "Runtime": "195 min",
    "Genre": "Biography, Drama, History",
    "Director": "Steven Spielberg",
    "Writer": "Thomas Keneally (book), Steven Zaillian (screenplay)",
    "Actors": "Liam Neeson, Ben Kingsley, Ralph Fiennes, Caroline Goodall",
    "Plot": "In Poland during World War II, Oskar Schindler gradually becomes concerned for his Jewish workforce after witnessing their persecution by the Nazis.",
    "Language": "English, Hebrew, German, Polish",
    "Country": "USA",
    "Awards": "Won 7 Oscars. Another 69 wins & 32 nominations.",
    "Poster": "http://ia.media-imdb.com/images/M/MV5BMzMwMTM4MDU2N15BMl5BanBnXkFtZTgwMzQ0MjMxMDE@._V1_SX300.jpg",
    "Metascore": "93",
    "imdbRating": "8.9",
    "imdbVotes": "808,194",
    "imdbID": "tt0108052",
    "Type": "movie"
  },
  {
    "Title": "The Lord of the Rings: The Return of the King",
    "Year": "2003",
    "Rated": "PG-13",
    "Released": "17 Dec 2003",
    "Runtime": "201 min",
    "Genre": "Adventure, Drama, Fantasy",
    "Director": "Peter Jackson",
    "Writer": "J.R.R. Tolkien (novel), Fran Walsh (screenplay), Philippa Boyens (screenplay), Peter Jackson (screenplay)",
    "Actors": "Noel Appleby, Ali Astin, Sean Astin, David Aston",
    "Plot": "Gandalf and Aragorn lead the World of Men against Sauron's army to draw his gaze from Frodo and Sam as they approach Mount Doom with the One Ring.",
    "Language": "English, Quenya, Old English, Sindarin",
    "Country": "USA, New Zealand",
    "Awards": "Won 11 Oscars. Another 158 wins & 107 nominations.",
    "Poster": "http://ia.media-imdb.com/images/M/MV5BMjE4MjA1NTAyMV5BMl5BanBnXkFtZTcwNzM1NDQyMQ@@._V1_SX300.jpg",
    "Metascore": "94",
    "imdbRating": "8.9",
    "imdbVotes": "1,147,689",
    "imdbID": "tt0167260",
    "Type": "movie"
  },
  {
    "Title": "Fight Club",
    "Year": "1999",
    "Rated": "R",
    "Released": "15 Oct 1999",
    "Runtime": "139 min",
    "Genre": "Drama",
    "Director": "David Fincher",
    "Writer": "Chuck Palahniuk (novel), Jim Uhls (screenplay)",
    "Actors": "Edward Norton, Brad Pitt, Helena Bonham Carter, Meat Loaf",
    "Plot": "An insomniac office worker, looking for a way to change his life, crosses paths with a devil-may-care soap maker, forming an underground fight club that evolves into something much, much more...",
    "Language": "English",
    "Country": "USA, Germany",
    "Awards": "Nominated for 1 Oscar. Another 8 wins & 27 nominations.",
    "Poster": "http://ia.media-imdb.com/images/M/MV5BMjIwNTYzMzE1M15BMl5BanBnXkFtZTcwOTE5Mzg3OA@@._V1_SX300.jpg",
    "Metascore": "66",
    "imdbRating": "8.8",
    "imdbVotes": "1,254,308",
    "imdbID": "tt0137523",
    "Type": "movie"
  },
  {
    "Title": "The Lord of the Rings: The Fellowship of the Ring",
    "Year": "2001",
    "Rated": "PG-13",
    "Released": "19 Dec 2001",
    "Runtime": "178 min",
    "Genre": "Adventure, Drama, Fantasy",
    "Director": "Peter Jackson",
    "Writer": "J.R.R. Tolkien (novel), Fran Walsh (screenplay), Philippa Boyens (screenplay), Peter Jackson (screenplay)",
    "Actors": "Alan Howard, Noel Appleby, Sean Astin, Sala Baker",
    "Plot": "A meek Hobbit and eight companions set out on a journey to destroy the One Ring and the Dark Lord Sauron.",
    "Language": "English, Sindarin",
    "Country": "New Zealand, USA",
    "Awards": "Won 4 Oscars. Another 101 wins & 111 nominations.",
    "Poster": "http://ia.media-imdb.com/images/M/MV5BNTEyMjAwMDU1OV5BMl5BanBnXkFtZTcwNDQyNTkxMw@@._V1_SX300.jpg",
    "Metascore": "92",
    "imdbRating": "8.8",
    "imdbVotes": "1,160,499",
    "imdbID": "tt0120737",
    "Type": "movie"
  },
  {
    "Title": "Forrest Gump",
    "Year": "1994",
    "Rated": "PG-13",
    "Released": "06 Jul 1994",
    "Runtime": "142 min",
    "Genre": "Drama, Romance",
    "Director": "Robert Zemeckis",
    "Writer": "Winston Groom (novel), Eric Roth (screenplay)",
    "Actors": "Tom Hanks, Rebecca Williams, Sally Field, Michael Conner Humphreys",
    "Plot": "Forrest Gump, while not intelligent, has accidentally been present at many historic moments, but his true love, Jenny Curran, eludes him.",
    "Language": "English",
    "Country": "USA",
    "Awards": "Won 6 Oscars. Another 37 wins & 51 nominations.",
    "Poster": "http://ia.media-imdb.com/images/M/MV5BMTI1Nzk1MzQwMV5BMl5BanBnXkFtZTYwODkxOTA5._V1_SX300.jpg",
    "Metascore": "82",
    "imdbRating": "8.8",
    "imdbVotes": "1,167,104",
    "imdbID": "tt0109830",
    "Type": "movie"
  },
  {
    "Title": "The Lord of the Rings: The Two Towers",
    "Year": "2002",
    "Rated": "PG-13",
    "Released": "18 Dec 2002",
    "Runtime": "179 min",
    "Genre": "Adventure, Drama, Fantasy",
    "Director": "Peter Jackson",
    "Writer": "J.R.R. Tolkien (novel), Fran Walsh (screenplay), Philippa Boyens (screenplay), Stephen Sinclair (screenplay), Peter Jackson (screenplay)",
    "Actors": "Bruce Allpress, Sean Astin, John Bach, Sala Baker",
    "Plot": "While Frodo and Sam edge closer to Mordor with the help of the shifty Gollum, the divided fellowship makes a stand against Sauron's new ally, Saruman, and his hordes of Isengard.",
    "Language": "English, Sindarin, Old English",
    "Country": "USA, New Zealand",
    "Awards": "Won 2 Oscars. Another 105 wins & 114 nominations.",
    "Poster": "http://ia.media-imdb.com/images/M/MV5BMTAyNDU0NjY4NTheQTJeQWpwZ15BbWU2MDk4MTY2Nw@@._V1_SX300.jpg",
    "Metascore": "88",
    "imdbRating": "8.7",
    "imdbVotes": "1,037,590",
    "imdbID": "tt0167261",
    "Type": "movie"
  },
  {
    "Title": "The Matrix",
    "Year": "1999",
    "Rated": "R",
    "Released": "31 Mar 1999",
    "Runtime": "136 min",
    "Genre": "Action, Sci-Fi",
    "Director": "Andy Wachowski, Lana Wachowski",
    "Writer": "Andy Wachowski, Lana Wachowski",
    "Actors": "Keanu Reeves, Laurence Fishburne, Carrie-Anne Moss, Hugo Weaving",
    "Plot": "A computer hacker learns from mysterious rebels about the true nature of his reality and his role in the war against its controllers.",
    "Language": "English",
    "Country": "USA, Australia",
    "Awards": "Won 4 Oscars. Another 33 wins & 42 nominations.",
    "Poster": "http://ia.media-imdb.com/images/M/MV5BMTkxNDYxOTA4M15BMl5BanBnXkFtZTgwNTk0NzQxMTE@._V1_SX300.jpg",
    "Metascore": "73",
    "imdbRating": "8.7",
    "imdbVotes": "1,148,739",
    "imdbID": "tt0133093",
    "Type": "movie"
  },
  {
    "Title": "The Lion King",
    "Year": "1994",
    "Rated": "G",
    "Released": "24 Jun 1994",
    "Runtime": "89 min",
    "Genre": "Animation, Adventure, Drama",
    "Director": "Roger Allers, Rob Minkoff",
    "Writer": "Irene Mecchi (screenplay), Jonathan Roberts (screenplay), Linda Woolverton (screenplay), Brenda Chapman (story), Burny Mattinson (story), Barry Johnson (story), Lorna Cook (story), Thom Enriquez (story), Andy Gaskill (story), Gary Trousdale (story), Jim Capobianco (story), Kevin Harkey (story), Jorgen Klubien (story), Chris Sanders (story), Tom Sito (story), Larry Leker (story), Joe Ranft (story), Rick Maki (story), Ed Gombert (story), Francis Glebas (story), Mark Kausler (story), J.T. Allen (additional story material), George Scribner (additional story material), Miguel Tejada-Flores (additional story material), Jenny Tripp (additional story material), Bob Tzudiker (additional story material), Christopher Vogler (additional story material), Kirk Wise (additional story material), Noni White (additional story material)",
    "Actors": "Matthew Broderick, Jonathan Taylor Thomas, James Earl Jones, Jim Cummings",
    "Plot": "Lion cub and future king Simba searches for his identity. His eagerness to please others and penchant for testing his boundaries sometimes gets him into trouble.",
    "Language": "English, Swahili, Xhosa, Zulu",
    "Country": "USA",
    "Awards": "Won 2 Oscars. Another 28 wins & 26 nominations.",
    "Poster": "http://ia.media-imdb.com/images/M/MV5BMjEyMzgwNTUzMl5BMl5BanBnXkFtZTcwNTMxMzM3Ng@@._V1_SX300.jpg",
    "Metascore": "83",
    "imdbRating": "8.5",
    "imdbVotes": "595,538",
    "imdbID": "tt0110357",
    "Type": "movie"
  },
  {
    "Title": "Django Unchained",
    "Year": "2012",
    "Rated": "R",
    "Released": "25 Dec 2012",
    "Runtime": "165 min",
    "Genre": "Drama, Western",
    "Director": "Quentin Tarantino",
    "Writer": "Quentin Tarantino",
    "Actors": "Jamie Foxx, Christoph Waltz, Leonardo DiCaprio, Kerry Washington",
    "Plot": "With the help of a German bounty hunter, a freed slave sets out to rescue his wife from a brutal Mississippi plantation owner.",
    "Language": "English, German, French",
    "Country": "USA",
    "Awards": "Won 2 Oscars. Another 51 wins & 133 nominations.",
    "Poster": "http://ia.media-imdb.com/images/M/MV5BMjIyNTQ5NjQ1OV5BMl5BanBnXkFtZTcwODg1MDU4OA@@._V1_SX300.jpg",
    "Metascore": "81",
    "imdbRating": "8.5",
    "imdbVotes": "870,792",
    "imdbID": "tt1853728",
    "Type": "movie"
  },
  {
    "Title": "Braveheart",
    "Year": "1995",
    "Rated": "R",
    "Released": "24 May 1995",
    "Runtime": "178 min",
    "Genre": "Biography, Drama, History",
    "Director": "Mel Gibson",
    "Writer": "Randall Wallace",
    "Actors": "James Robinson, Sean Lawlor, Sandy Nelson, James Cosmo",
    "Plot": "When his secret bride is executed for assaulting an English soldier who tried to rape her, William Wallace begins a revolt and leads Scottish warriors against the cruel English tyrant who rules Scotland with an iron fist.",
    "Language": "English, French, Latin, Scottish Gaelic",
    "Country": "USA",
    "Awards": "Won 5 Oscars. Another 25 wins & 27 nominations.",
    "Poster": "http://ia.media-imdb.com/images/M/MV5BNjA4ODYxMDU3Nl5BMl5BanBnXkFtZTcwMzkzMTk3OA@@._V1_SX300.jpg",
    "Metascore": "68",
    "imdbRating": "8.4",
    "imdbVotes": "694,585",
    "imdbID": "tt0112573",
    "Type": "movie"
  },
  {
    "Title": "Toy Story 3",
    "Year": "2010",
    "Rated": "G",
    "Released": "18 Jun 2010",
    "Runtime": "103 min",
    "Genre": "Animation, Adventure, Comedy",
    "Director": "Lee Unkrich",
    "Writer": "John Lasseter (story), Andrew Stanton (story), Lee Unkrich (story), Michael Arndt (screenplay)",
    "Actors": "Tom Hanks, Tim Allen, Joan Cusack, Ned Beatty",
    "Plot": "The toys are mistakenly delivered to a day-care center instead of the attic right before Andy leaves for college, and it's up to Woody to convince the other toys that they weren't abandoned and to return home.",
    "Language": "English, Spanish",
    "Country": "USA",
    "Awards": "Won 2 Oscars. Another 56 wins & 86 nominations.",
    "Poster": "http://ia.media-imdb.com/images/M/MV5BMTgxOTY4Mjc0MF5BMl5BanBnXkFtZTcwNTA4MDQyMw@@._V1_SX300.jpg",
    "Metascore": "92",
    "imdbRating": "8.4",
    "imdbVotes": "508,680",
    "imdbID": "tt0435761",
    "Type": "movie"
  },
  {
    "Title": "2001: A Space Odyssey",
    "Year": "1968",
    "Rated": "G",
    "Released": "15 May 1968",
    "Runtime": "149 min",
    "Genre": "Mystery, Sci-Fi",
    "Director": "Stanley Kubrick",
    "Writer": "Stanley Kubrick (screenplay), Arthur C. Clarke (screenplay)",
    "Actors": "Keir Dullea, Gary Lockwood, William Sylvester, Daniel Richter",
    "Plot": "Humanity finds a mysterious, obviously artificial object buried beneath the Lunar surface and, with the intelligent computer H.A.L. 9000, sets off on a quest.",
    "Language": "English, Russian",
    "Country": "USA, UK",
    "Awards": "Won 1 Oscar. Another 13 wins & 7 nominations.",
    "Poster": "http://ia.media-imdb.com/images/M/MV5BNDYyMDgxNDQ5Nl5BMl5BanBnXkFtZTcwMjc1ODg3OA@@._V1_SX300.jpg",
    "Metascore": "86",
    "imdbRating": "8.3",
    "imdbVotes": "396,824",
    "imdbID": "tt0062622",
    "Type": "movie"
  },
  {
    "Title": "Toy Story",
    "Year": "1995",
    "Rated": "G",
    "Released": "22 Nov 1995",
    "Runtime": "81 min",
    "Genre": "Animation, Adventure, Comedy",
    "Director": "John Lasseter",
    "Writer": "John Lasseter (original story by), Pete Docter (original story by), Andrew Stanton (original story by), Joe Ranft (original story by), Joss Whedon (screenplay), Andrew Stanton (screenplay), Joel Cohen (screenplay), Alec Sokolow (screenplay)",
    "Actors": "Tom Hanks, Tim Allen, Don Rickles, Jim Varney",
    "Plot": "A cowboy doll is profoundly threatened and jealous when a new spaceman figure supplants him as top toy in a boy's room.",
    "Language": "English",
    "Country": "USA",
    "Awards": "Nominated for 3 Oscars. Another 22 wins & 17 nominations.",
    "Poster": "http://ia.media-imdb.com/images/M/MV5BMTgwMjI4MzU5N15BMl5BanBnXkFtZTcwMTMyNTk3OA@@._V1_SX300.jpg",
    "Metascore": "92",
    "imdbRating": "8.3",
    "imdbVotes": "574,251",
    "imdbID": "tt0114709",
    "Type": "movie"
  },
  {
    "Title": "3 Idiots",
    "Year": "2009",
    "Rated": "PG-13",
    "Released": "25 Dec 2009",
    "Runtime": "170 min",
    "Genre": "Comedy, Drama",
    "Director": "Rajkumar Hirani",
    "Writer": "Rajkumar Hirani, Abhijat Joshi, Vidhu Vinod Chopra (screenplay)",
    "Actors": "Aamir Khan, Madhavan, Sharman Joshi, Kareena Kapoor",
    "Plot": "Two friends are searching for their long lost companion. They revisit their college days and recall the memories of their friend who inspired them to think differently, even as the rest of the world called them \"idiots\".",
    "Language": "Hindi, English",
    "Country": "India",
    "Awards": "25 wins & 13 nominations.",
    "Poster": "http://ia.media-imdb.com/images/M/MV5BMTMyOTg0ODQ1OF5BMl5BanBnXkFtZTcwNjc0NTMwNQ@@._V1_SX300.jpg",
    "Metascore": "67",
    "imdbRating": "8.4",
    "imdbVotes": "186,241",
    "imdbID": "tt1187043",
    "Type": "movie"
  },
  {
    "Title": "Good Will Hunting",
    "Year": "1997",
    "Rated": "R",
    "Released": "09 Jan 1998",
    "Runtime": "126 min",
    "Genre": "Drama",
    "Director": "Gus Van Sant",
    "Writer": "Matt Damon, Ben Affleck",
    "Actors": "Matt Damon, Robin Williams, Ben Affleck, Stellan Skarsgård",
    "Plot": "Will Hunting, a janitor at M.I.T., has a gift for mathematics, but needs help from a psychologist to find direction in his life.",
    "Language": "English",
    "Country": "USA",
    "Awards": "Won 2 Oscars. Another 20 wins & 52 nominations.",
    "Poster": "http://ia.media-imdb.com/images/M/MV5BMTk0NjY0Mzg5MF5BMl5BanBnXkFtZTcwNzM1OTM2MQ@@._V1_SX300.jpg",
    "Metascore": "70",
    "imdbRating": "8.3",
    "imdbVotes": "562,757",
    "imdbID": "tt0119217",
    "Type": "movie"
  },
  {
    "Title": "Die Hard",
    "Year": "1988",
    "Rated": "R",
    "Released": "20 Jul 1988",
    "Runtime": "131 min",
    "Genre": "Action, Thriller",
    "Director": "John McTiernan",
    "Writer": "Roderick Thorp (novel), Jeb Stuart (screenplay), Steven E. de Souza (screenplay)",
    "Actors": "Bruce Willis, Bonnie Bedelia, Reginald VelJohnson, Paul Gleason",
    "Plot": "John McClane, officer of the NYPD, tries to save wife Holly Gennaro and several others, taken hostage by German terrorist Hans Gruber during a Christmas party at the Nakatomi Plaza in Los Angeles.",
    "Language": "English, German, Italian",
    "Country": "USA",
    "Awards": "Nominated for 4 Oscars. Another 6 wins & 2 nominations.",
    "Poster": "http://ia.media-imdb.com/images/M/MV5BMTY4ODM0OTc2M15BMl5BanBnXkFtZTcwNzE0MTk3OA@@._V1_SX300.jpg",
    "Metascore": "70",
    "imdbRating": "8.2",
    "imdbVotes": "558,583",
    "imdbID": "tt0095016",
    "Type": "movie"
  },
  {
    "Title": "Room",
    "Year": "2015",
    "Rated": "R",
    "Released": "25 Nov 2015",
    "Runtime": "118 min",
    "Genre": "Drama",
    "Director": "Lenny Abrahamson",
    "Writer": "Emma Donoghue (novel), Emma Donoghue (screenplay)",
    "Actors": "Brie Larson, Jacob Tremblay, Sean Bridgers, Wendy Crewson",
    "Plot": "After five-year-old Jack and his mother escape from the enclosed surroundings that Jack has known his entire life, the boy makes a thrilling discovery.",
    "Language": "English",
    "Country": "Ireland, Canada",
    "Awards": "Won 1 Golden Globe. Another 51 wins & 97 nominations.",
    "Poster": "http://ia.media-imdb.com/images/M/MV5BMjE4NzgzNzEwMl5BMl5BanBnXkFtZTgwMTMzMDE0NjE@._V1_SX300.jpg",
    "Metascore": "86",
    "imdbRating": "8.3",
    "imdbVotes": "15,157",
    "imdbID": "tt3170832",
    "Type": "movie"
  },
  {
    "Title": "A Beautiful Mind",
    "Year": "2001",
    "Rated": "PG-13",
    "Released": "04 Jan 2002",
    "Runtime": "135 min",
    "Genre": "Biography, Drama",
    "Director": "Ron Howard",
    "Writer": "Akiva Goldsman, Sylvia Nasar (book)",
    "Actors": "Russell Crowe, Ed Harris, Jennifer Connelly, Christopher Plummer",
    "Plot": "After a brilliant but asocial mathematician, John Nash, accepts secret work in cryptography, his life takes a turn for the nightmarish.",
    "Language": "English",
    "Country": "USA",
    "Awards": "Won 4 Oscars. Another 31 wins & 63 nominations.",
    "Poster": "http://ia.media-imdb.com/images/M/MV5BMTQ4MDI2MzkwMl5BMl5BanBnXkFtZTYwMjk0NTA5._V1_SX300.jpg",
    "Metascore": "72",
    "imdbRating": "8.2",
    "imdbVotes": "573,217",
    "imdbID": "tt0268978",
    "Type": "movie"
  },
  {
    "Title": "How to Train Your Dragon",
    "Year": "2010",
    "Rated": "PG",
    "Released": "26 Mar 2010",
    "Runtime": "98 min",
    "Genre": "Animation, Adventure, Family",
    "Director": "Dean DeBlois, Chris Sanders",
    "Writer": "William Davies (screenplay), Dean DeBlois (screenplay), Chris Sanders (screenplay), Cressida Cowell (book)",
    "Actors": "Jay Baruchel, Gerard Butler, Craig Ferguson, America Ferrera",
    "Plot": "A hapless young Viking who aspires to hunt dragons, becomes the unlikely friend of a young dragon himself, and learns there may be more to the creatures than he assumed.",
    "Language": "English",
    "Country": "USA",
    "Awards": "Nominated for 2 Oscars. Another 24 wins & 57 nominations.",
    "Poster": "http://ia.media-imdb.com/images/M/MV5BMjA5NDQyMjc2NF5BMl5BanBnXkFtZTcwMjg5ODcyMw@@._V1_SX300.jpg",
    "Metascore": "74",
    "imdbRating": "8.2",
    "imdbVotes": "450,613",
    "imdbID": "tt0892769",
    "Type": "movie"
  },
  {
    "Title": "12 Years a Slave",
    "Year": "2013",
    "Rated": "R",
    "Released": "08 Nov 2013",
    "Runtime": "134 min",
    "Genre": "Biography, Drama, History",
    "Director": "Steve McQueen",
    "Writer": "John Ridley (screenplay), Solomon Northup (based on \"Twelve Years a Slave\" by)",
    "Actors": "Chiwetel Ejiofor, Dwight Henry, Dickie Gravois, Bryan Batt",
    "Plot": "In the antebellum United States, Solomon Northup, a free black man from upstate New York, is abducted and sold into slavery.",
    "Language": "English",
    "Country": "USA, UK",
    "Awards": "Won 3 Oscars. Another 229 wins & 300 nominations.",
    "Poster": "http://ia.media-imdb.com/images/M/MV5BMjExMTEzODkyN15BMl5BanBnXkFtZTcwNTU4NTc4OQ@@._V1_SX300.jpg",
    "Metascore": "97",
    "imdbRating": "8.1",
    "imdbVotes": "401,573",
    "imdbID": "tt2024544",
    "Type": "movie"
  },
  {
    "Title": "The Grand Budapest Hotel",
    "Year": "2014",
    "Rated": "R",
    "Released": "28 Mar 2014",
    "Runtime": "99 min",
    "Genre": "Adventure, Comedy, Drama",
    "Director": "Wes Anderson",
    "Writer": "Stefan Zweig (inspired by the writings of), Wes Anderson (screenplay), Wes Anderson (story), Hugo Guinness (story)",
    "Actors": "Ralph Fiennes, F. Murray Abraham, Mathieu Amalric, Adrien Brody",
    "Plot": "The adventures of Gustave H, a legendary concierge at a famous hotel from the fictional Republic of Zubrowka between the first and second World Wars, and Zero Moustafa, the lobby boy who becomes his most trusted friend.",
    "Language": "English, French",
    "Country": "USA, Germany, UK",
    "Awards": "Won 4 Oscars. Another 115 wins & 204 nominations.",
    "Poster": "http://ia.media-imdb.com/images/M/MV5BMzM5NjUxOTEyMl5BMl5BanBnXkFtZTgwNjEyMDM0MDE@._V1_SX300.jpg",
    "Metascore": "88",
    "imdbRating": "8.1",
    "imdbVotes": "423,004",
    "imdbID": "tt2278388",
    "Type": "movie"
  },
  {
    "Title": "Shutter Island",
    "Year": "2010",
    "Rated": "R",
    "Released": "19 Feb 2010",
    "Runtime": "138 min",
    "Genre": "Mystery, Thriller",
    "Director": "Martin Scorsese",
    "Writer": "Laeta Kalogridis (screenplay), Dennis Lehane (novel)",
    "Actors": "Leonardo DiCaprio, Mark Ruffalo, Ben Kingsley, Max von Sydow",
    "Plot": "A U.S Marshal investigates the disappearance of a murderess who escaped from a hospital for the criminally insane.",
    "Language": "English, German",
    "Country": "USA",
    "Awards": "7 wins & 53 nominations.",
    "Poster": "http://ia.media-imdb.com/images/M/MV5BMTMxMTIyNzMxMV5BMl5BanBnXkFtZTcwOTc4OTI3Mg@@._V1_SX300.jpg",
    "Metascore": "63",
    "imdbRating": "8.1",
    "imdbVotes": "720,127",
    "imdbID": "tt1130884",
    "Type": "movie"
  },
  {
    "Title": "The Bourne Ultimatum",
    "Year": "2007",
    "Rated": "PG-13",
    "Released": "03 Aug 2007",
    "Runtime": "115 min",
    "Genre": "Action, Thriller",
    "Director": "Paul Greengrass",
    "Writer": "Tony Gilroy (screenplay), Scott Z. Burns (screenplay), George Nolfi (screenplay), Tony Gilroy (screen story), Robert Ludlum (novel)",
    "Actors": "Matt Damon, Julia Stiles, David Strathairn, Scott Glenn",
    "Plot": "Jason Bourne dodges a ruthless CIA official and his agents from a new assassination program while searching for the origins of his life as a trained killer.",
    "Language": "English, French, Arabic, Russian, Spanish",
    "Country": "USA, Germany",
    "Awards": "Won 3 Oscars. Another 24 wins & 36 nominations.",
    "Poster": "http://ia.media-imdb.com/images/M/MV5BMTgzNjMwOTM3N15BMl5BanBnXkFtZTcwMzA5MDY0MQ@@._V1_SX300.jpg",
    "Metascore": "85",
    "imdbRating": "8.1",
    "imdbVotes": "462,097",
    "imdbID": "tt0440963",
    "Type": "movie"
  },
  {
    "Title": "The Imitation Game",
    "Year": "2014",
    "Rated": "PG-13",
    "Released": "25 Dec 2014",
    "Runtime": "114 min",
    "Genre": "Biography, Drama, Thriller",
    "Director": "Morten Tyldum",
    "Writer": "Graham Moore, Andrew Hodges (book)",
    "Actors": "Benedict Cumberbatch, Keira Knightley, Matthew Goode, Rory Kinnear",
    "Plot": "During World War II, mathematician Alan Turing tries to crack the enigma code with help from fellow mathematicians.",
    "Language": "English, German",
    "Country": "UK, USA",
    "Awards": "Won 1 Oscar. Another 43 wins & 137 nominations.",
    "Poster": "http://ia.media-imdb.com/images/M/MV5BNDkwNTEyMzkzNl5BMl5BanBnXkFtZTgwNTAwNzk3MjE@._V1_SX300.jpg",
    "Metascore": "73",
    "imdbRating": "8.1",
    "imdbVotes": "394,021",
    "imdbID": "tt2084970",
    "Type": "movie"
  },
  {
    "Title": "The King's Speech",
    "Year": "2010",
    "Rated": "R",
    "Released": "25 Dec 2010",
    "Runtime": "118 min",
    "Genre": "Biography, Drama, History",
    "Director": "Tom Hooper",
    "Writer": "David Seidler (screenplay)",
    "Actors": "Colin Firth, Helena Bonham Carter, Derek Jacobi, Robert Portal",
    "Plot": "The story of King George VI of the United Kingdom of Great Britain and Northern Ireland, his impromptu ascension to the throne and the speech therapist who helped the unsure monarch become worthy of it.",
    "Language": "English",
    "Country": "UK, USA, Australia",
    "Awards": "Won 4 Oscars. Another 96 wins & 182 nominations.",
    "Poster": "http://ia.media-imdb.com/images/M/MV5BMzU5MjEwMTg2Nl5BMl5BanBnXkFtZTcwNzM3MTYxNA@@._V1_SX300.jpg",
    "Metascore": "88",
    "imdbRating": "8.0",
    "imdbVotes": "472,158",
    "imdbID": "tt1504320",
    "Type": "movie"
  },
  {
    "Title": "The X-Files",
    "Year": "1993–2002",
    "Rated": "TV-MA",
    "Released": "10 Sep 1993",
    "Runtime": "44 min",
    "Genre": "Drama, Mystery, Sci-Fi",
    "Director": "N/A",
    "Writer": "Chris Carter",
    "Actors": "Gillian Anderson, David Duchovny, Mitch Pileggi",
    "Plot": "Two FBI agents, Fox Mulder the believer and Dana Scully the skeptic, investigate the strange and unexplained while hidden forces work to impede their efforts.",
    "Language": "English",
    "Country": "USA, Canada",
    "Awards": "Won 5 Golden Globes. Another 88 wins & 202 nominations.",
    "Poster": "http://ia.media-imdb.com/images/M/MV5BODM2NzAwMjgxNF5BMl5BanBnXkFtZTcwNzYwNjkzMQ@@._V1_SX300.jpg",
    "Metascore": "N/A",
    "imdbRating": "8.7",
    "imdbVotes": "124,651",
    "imdbID": "tt0106179",
    "Type": "series"
  },
  {
    "Title": "Game of Thrones",
    "Year": "2011–",
    "Rated": "TV-MA",
    "Released": "17 Apr 2011",
    "Runtime": "56 min",
    "Genre": "Adventure, Drama, Fantasy",
    "Director": "N/A",
    "Writer": "David Benioff, D.B. Weiss",
    "Actors": "Peter Dinklage, Lena Headey, Emilia Clarke, Kit Harington",
    "Plot": "While a civil war brews between several noble families in Westeros, the children of the former rulers of the land attempt to rise up to power. Meanwhile a forgotten race, bent on destruction, return after thousands of years in the North.",
    "Language": "English",
    "Country": "USA",
    "Awards": "Won 1 Golden Globe. Another 134 wins & 288 nominations.",
    "Poster": "http://ia.media-imdb.com/images/M/MV5BMTYwOTEzMDMzMl5BMl5BanBnXkFtZTgwNzExODIzNzE@._V1_SX300.jpg",
    "Metascore": "N/A",
    "imdbRating": "9.5",
    "imdbVotes": "906,519",
    "imdbID": "tt0944947",
    "Type": "series"
  },
  {
    "Title": "The Walking Dead",
    "Year": "2010–",
    "Rated": "TV-14",
    "Released": "31 Oct 2010",
    "Runtime": "44 min",
    "Genre": "Drama, Horror, Thriller",
    "Director": "N/A",
    "Writer": "Frank Darabont",
    "Actors": "Andrew Lincoln, Chandler Riggs, Norman Reedus, Melissa McBride",
    "Plot": "Sheriff Deputy Rick Grimes leads a group of survivors in a world overrun by zombies.",
    "Language": "English",
    "Country": "USA",
    "Awards": "Nominated for 1 Golden Globe. Another 42 wins & 122 nominations.",
    "Poster": "http://ia.media-imdb.com/images/M/MV5BMTk1MjI1NjI0MV5BMl5BanBnXkFtZTcwODQ5MzA3Mw@@._V1_SX300.jpg",
    "Metascore": "N/A",
    "imdbRating": "8.6",
    "imdbVotes": "577,307",
    "imdbID": "tt1520211",
    "Type": "series"
  },
  {
    "Title": "The Big Bang Theory",
    "Year": "2007–",
    "Rated": "TV-14",
    "Released": "24 Sep 2007",
    "Runtime": "22 min",
    "Genre": "Comedy",
    "Director": "N/A",
    "Writer": "Chuck Lorre, Bill Prady",
    "Actors": "Johnny Galecki, Jim Parsons, Kaley Cuoco, Simon Helberg",
    "Plot": "A woman who moves into an apartment across the hall from two brilliant but socially awkward physicists shows them how little they know about life outside of the laboratory.",
    "Language": "English, Hindi, Italian, Russian, Mandarin, Klingon",
    "Country": "USA",
    "Awards": "Won 1 Golden Globe. Another 49 wins & 161 nominations.",
    "Poster": "http://ia.media-imdb.com/images/M/MV5BMjI1Mzc4MDUwNl5BMl5BanBnXkFtZTgwMDAzOTIxMjE@._V1_SX300.jpg",
    "Metascore": "N/A",
    "imdbRating": "8.4",
    "imdbVotes": "496,762",
    "imdbID": "tt0898266",
    "Type": "series"
  },
  {
    "Title": "Sherlock",
    "Year": "2010–",
    "Rated": "TV-14",
    "Released": "24 Oct 2010",
    "Runtime": "88 min",
    "Genre": "Crime, Drama, Mystery",
    "Director": "N/A",
    "Writer": "Mark Gatiss, Steven Moffat",
    "Actors": "Benedict Cumberbatch, Martin Freeman, Una Stubbs, Rupert Graves",
    "Plot": "A modern update finds the famous sleuth and his doctor partner solving crime in 21st century London.",
    "Language": "English",
    "Country": "UK, USA",
    "Awards": "Nominated for 1 Golden Globe. Another 70 wins & 103 nominations.",
    "Poster": "http://ia.media-imdb.com/images/M/MV5BNTA2MTE1NDI5OV5BMl5BanBnXkFtZTcwNzM2MzU3Nw@@._V1_SX300.jpg",
    "Metascore": "N/A",
    "imdbRating": "9.3",
    "imdbVotes": "454,123",
    "imdbID": "tt1475582",
    "Type": "series"
  },
  {
    "Title": "Breaking Bad",
    "Year": "2008–2013",
    "Rated": "TV-14",
    "Released": "20 Jan 2008",
    "Runtime": "47 min",
    "Genre": "Crime, Drama, Thriller",
    "Director": "N/A",
    "Writer": "Vince Gilligan",
    "Actors": "Bryan Cranston, Anna Gunn, Aaron Paul, Dean Norris",
    "Plot": "A chemistry teacher diagnosed with terminal lung cancer teams up with his former student to cook and sell crystal meth.",
    "Language": "English, Spanish",
    "Country": "USA",
    "Awards": "Won 2 Golden Globes. Another 118 wins & 197 nominations.",
    "Poster": "http://ia.media-imdb.com/images/M/MV5BMTQ0ODYzODc0OV5BMl5BanBnXkFtZTgwMDk3OTcyMDE@._V1_SX300.jpg",
    "Metascore": "N/A",
    "imdbRating": "9.5",
    "imdbVotes": "790,356",
    "imdbID": "tt0903747",
    "Type": "series"
  },
  {
    "Title": "The Vampire Diaries",
    "Year": "2009–",
    "Rated": "TV-14",
    "Released": "10 Sep 2009",
    "Runtime": "43 min",
    "Genre": "Drama, Fantasy, Horror",
    "Director": "N/A",
    "Writer": "Julie Plec, Kevin Williamson",
    "Actors": "Paul Wesley, Ian Somerhalder, Kat Graham, Candice King",
    "Plot": "A teenage girl is torn between two vampire brothers.",
    "Language": "English",
    "Country": "USA",
    "Awards": "35 wins & 48 nominations.",
    "Poster": "http://ia.media-imdb.com/images/M/MV5BMTgzMzg3NDMxOF5BMl5BanBnXkFtZTgwNjUwMjQyNzE@._V1_SX300.jpg",
    "Metascore": "N/A",
    "imdbRating": "7.9",
    "imdbVotes": "206,717",
    "imdbID": "tt1405406",
    "Type": "series"
  },
  {
    "Title": "Friends",
    "Year": "1994–2004",
    "Rated": "TV-14",
    "Released": "22 Sep 1994",
    "Runtime": "22 min",
    "Genre": "Comedy, Romance",
    "Director": "N/A",
    "Writer": "David Crane, Marta Kauffman",
    "Actors": "Jennifer Aniston, Courteney Cox, Lisa Kudrow, Matt LeBlanc",
    "Plot": "Follows the lives of six 20-something friends living in Manhattan.",
    "Language": "English",
    "Country": "USA",
    "Awards": "Won 1 Golden Globe. Another 68 wins & 204 nominations.",
    "Poster": "http://ia.media-imdb.com/images/M/MV5BMTg4NzEyNzQ5OF5BMl5BanBnXkFtZTYwNTY3NDg4._V1._CR24,0,293,443_SX89_AL_.jpg_V1_SX300.jpg",
    "Metascore": "N/A",
    "imdbRating": "9.0",
    "imdbVotes": "433,690",
    "imdbID": "tt0108778",
    "Type": "series"
  },
  {
    "Title": "Orange Is the New Black",
    "Year": "2013–",
    "Rated": "TV-MA",
    "Released": "11 Jul 2013",
    "Runtime": "59 min",
    "Genre": "Comedy, Crime, Drama",
    "Director": "N/A",
    "Writer": "N/A",
    "Actors": "Taylor Schilling, Michael Harney, Kate Mulgrew, Danielle Brooks",
    "Plot": "The story of Piper Chapman, a woman in her thirties who is sentenced to fifteen months in prison after being convicted of a decade-old crime of transporting money to her drug-dealing girlfriend.",
    "Language": "English",
    "Country": "USA",
    "Awards": "Nominated for 6 Golden Globes. Another 33 wins & 77 nominations.",
    "Poster": "http://ia.media-imdb.com/images/M/MV5BODQ2NjE2NDY3Ml5BMl5BanBnXkFtZTgwNjQxNzA1NTE@._V1_SX300.jpg",
    "Metascore": "N/A",
    "imdbRating": "8.3",
    "imdbVotes": "167,631",
    "imdbID": "tt2372162",
    "Type": "series"
  },
  {
    "Title": "Modern Family",
    "Year": "2009–",
    "Rated": "TV-PG",
    "Released": "23 Sep 2009",
    "Runtime": "22 min",
    "Genre": "Comedy",
    "Director": "N/A",
    "Writer": "Steven Levitan, Christopher Lloyd",
    "Actors": "Ed O'Neill, Sofía Vergara, Jesse Tyler Ferguson, Eric Stonestreet",
    "Plot": "Three different, but related families face trials and tribulations in their own uniquely comedic ways.",
    "Language": "English",
    "Country": "USA",
    "Awards": "Won 1 Golden Globe. Another 99 wins & 270 nominations.",
    "Poster": "http://ia.media-imdb.com/images/M/MV5BMTU5MjQ1MTE2Ml5BMl5BanBnXkFtZTgwMDgwMzg5NjE@._V1_SX300.jpg",
    "Metascore": "N/A",
    "imdbRating": "8.6",
    "imdbVotes": "227,872",
    "imdbID": "tt1442437",
    "Type": "series"
  },
  {
    "Title": "House of Cards",
    "Year": "2013–",
    "Rated": "TV-MA",
    "Released": "01 Feb 2013",
    "Runtime": "51 min",
    "Genre": "Drama",
    "Director": "N/A",
    "Writer": "Beau Willimon",
    "Actors": "Kevin Spacey, Robin Wright, Michael Kelly, Nathan Darrow",
    "Plot": "A Congressman works with his equally conniving wife to exact revenge on the people who betrayed him.",
    "Language": "English",
    "Country": "USA",
    "Awards": "Won 2 Golden Globes. Another 15 wins & 123 nominations.",
    "Poster": "http://ia.media-imdb.com/images/M/MV5BMTY1NDcwMDcxN15BMl5BanBnXkFtZTgwMDI1NTQzNDE@._V1_SX300.jpg",
    "Metascore": "N/A",
    "imdbRating": "9.0",
    "imdbVotes": "268,094",
    "imdbID": "tt1856010",
    "Type": "series"
  },
  {
    "Title": "Narcos",
    "Year": "2015–",
    "Rated": "TV-MA",
    "Released": "28 Aug 2015",
    "Runtime": "49 min",
    "Genre": "Biography, Crime, Drama",
    "Director": "N/A",
    "Writer": "Carlo Bernard, Chris Brancato, Doug Miro, Paul Eckstein",
    "Actors": "Wagner Moura, Boyd Holbrook, Pedro Pascal, Joanna Christie",
    "Plot": "A chronicled look at the criminal exploits of Colombian drug lord Pablo Escobar.",
    "Language": "English, Spanish",
    "Country": "USA",
    "Awards": "Nominated for 2 Golden Globes. Another 1 nomination.",
    "Poster": "http://ia.media-imdb.com/images/M/MV5BMjMyNzA0MTA3NV5BMl5BanBnXkFtZTgwMTYxMTA0NjE@._V1_SX300.jpg",
    "Metascore": "N/A",
    "imdbRating": "9.0",
    "imdbVotes": "76,610",
    "imdbID": "tt2707408",
    "Type": "series"
  },
  {
    "Title": "Homeland",
    "Year": "2011–",
    "Rated": "TV-MA",
    "Released": "02 Oct 2011",
    "Runtime": "55 min",
    "Genre": "Drama, Mystery, Thriller",
    "Director": "N/A",
    "Writer": "Alex Gansa, Howard Gordon",
    "Actors": "Claire Danes, Mandy Patinkin, Rupert Friend, Damian Lewis",
    "Plot": "When Marine Nicolas Brody is hailed as a hero after he returns home from eight years of captivity in Iraq, intelligence officer Carrie Mathison is the only one who suspects that he may have been turned.",
    "Language": "English",
    "Country": "USA",
    "Awards": "Won 5 Golden Globes. Another 45 wins & 134 nominations.",
    "Poster": "http://ia.media-imdb.com/images/M/MV5BMjE0NTc2MzM1OV5BMl5BanBnXkFtZTgwMDk2NjA2NjE@._V1_SX300.jpg",
    "Metascore": "N/A",
    "imdbRating": "8.4",
    "imdbVotes": "214,463",
    "imdbID": "tt1796960",
    "Type": "series"
  },
  {
    "Title": "The Office",
    "Year": "2005–2013",
    "Rated": "TV-PG",
    "Released": "24 Mar 2005",
    "Runtime": "22 min",
    "Genre": "Comedy",
    "Director": "N/A",
    "Writer": "Greg Daniels, Ricky Gervais, Stephen Merchant",
    "Actors": "Rainn Wilson, John Krasinski, Jenna Fischer, Leslie David Baker",
    "Plot": "A mockumentary on a group of typical office workers, where the workday consists of ego clashes, inappropriate behavior, and tedium. Based on the hit BBC series.",
    "Language": "English",
    "Country": "USA",
    "Awards": "Won 1 Golden Globe. Another 37 wins & 150 nominations.",
    "Poster": "http://ia.media-imdb.com/images/M/MV5BMTgzNjAzMDE0NF5BMl5BanBnXkFtZTcwNTEyMzM3OA@@._V1_SX300.jpg",
    "Metascore": "N/A",
    "imdbRating": "8.8",
    "imdbVotes": "186,531",
    "imdbID": "tt0386676",
    "Type": "series"
  },
  {
    "Title": "NCIS",
    "Year": "2003–",
    "Rated": "TV-14",
    "Released": "23 Sep 2003",
    "Runtime": "60 min",
    "Genre": "Action, Comedy, Crime",
    "Director": "N/A",
    "Writer": "Donald P. Bellisario, Don McGill",
    "Actors": "Michael Weatherly, Pauley Perrette, Mark Harmon, David McCallum",
    "Plot": "The cases of the Naval Criminal Investigative Service's Washington DC Major Case Response Team, led by Special Agent Leroy Jethro Gibbs.",
    "Language": "English",
    "Country": "USA",
    "Awards": "Nominated for 3 Primetime Emmys. Another 19 wins & 26 nominations.",
    "Poster": "http://ia.media-imdb.com/images/M/MV5BMTYyMTQ0MTU1OF5BMl5BanBnXkFtZTcwMjI0Njg4Ng@@._V1_SX300.jpg",
    "Metascore": "N/A",
    "imdbRating": "7.9",
    "imdbVotes": "81,442",
    "imdbID": "tt0364845",
    "Type": "series"
  },
  {
    "Title": "Prison Break",
    "Year": "2005–2009",
    "Rated": "TV-14",
    "Released": "29 Aug 2005",
    "Runtime": "44 min",
    "Genre": "Action, Crime, Drama",
    "Director": "N/A",
    "Writer": "Paul Scheuring",
    "Actors": "Dominic Purcell, Wentworth Miller, Amaury Nolasco, Robert Knepper",
    "Plot": "Due to a political conspiracy, an innocent man is sent to death row and his only hope is his brother who makes it his mission to deliberately get himself sent to the same prison in order to break the both of them from the inside out.",
    "Language": "English, Spanish",
    "Country": "USA",
    "Awards": "Nominated for 2 Golden Globes. Another 4 wins & 24 nominations.",
    "Poster": "http://ia.media-imdb.com/images/M/MV5BMTg3NTkwNzAxOF5BMl5BanBnXkFtZTcwMjM1NjI5MQ@@._V1_SX300.jpg",
    "Metascore": "N/A",
    "imdbRating": "8.5",
    "imdbVotes": "303,322",
    "imdbID": "tt0455275",
    "Type": "series"
  },
  {
    "Title": "How I Met Your Mother",
    "Year": "2005–2014",
    "Rated": "TV-14",
    "Released": "19 Sep 2005",
    "Runtime": "22 min",
    "Genre": "Comedy, Romance",
    "Director": "N/A",
    "Writer": "Carter Bays, Craig Thomas",
    "Actors": "Josh Radnor, Jason Segel, Cobie Smulders, Neil Patrick Harris",
    "Plot": "A father recounts to his children, through a series of flashbacks, the journey he and his four best friends took leading up to him meeting their mother.",
    "Language": "English",
    "Country": "USA",
    "Awards": "Nominated for 2 Golden Globes. Another 21 wins & 72 nominations.",
    "Poster": "http://ia.media-imdb.com/images/M/MV5BMTA5MzAzNTcyNjZeQTJeQWpwZ15BbWU3MDUyMzE1MTk@._V1_SX300.jpg",
    "Metascore": "N/A",
    "imdbRating": "8.4",
    "imdbVotes": "423,072",
    "imdbID": "tt0460649",
    "Type": "series"
  },
  {
    "Title": "Lost",
    "Year": "2004–2010",
    "Rated": "TV-14",
    "Released": "22 Sep 2004",
    "Runtime": "44 min",
    "Genre": "Adventure, Drama, Fantasy",
    "Director": "N/A",
    "Writer": "J.J. Abrams, Jeffrey Lieber, Damon Lindelof",
    "Actors": "Naveen Andrews, Matthew Fox, Jorge Garcia, Josh Holloway",
    "Plot": "The survivors of a plane crash are forced to work together in order to survive on a seemingly deserted tropical island.",
    "Language": "English, Portuguese, Spanish, Arabic, French, Korean, German, Latin, Russian, Japanese",
    "Country": "USA",
    "Awards": "Won 1 Golden Globe. Another 84 wins & 333 nominations.",
    "Poster": "http://ia.media-imdb.com/images/M/MV5BMjA3NzMyMzU1MV5BMl5BanBnXkFtZTcwNjc1ODUwMg@@._V1_SX300.jpg",
    "Metascore": "N/A",
    "imdbRating": "8.5",
    "imdbVotes": "354,588",
    "imdbID": "tt0411008",
    "Type": "series"
  },
  {
    "Title": "True Detective",
    "Year": "2014–",
    "Rated": "TV-MA",
    "Released": "12 Jan 2014",
    "Runtime": "55 min",
    "Genre": "Crime, Drama, Mystery",
    "Director": "N/A",
    "Writer": "Nic Pizzolatto",
    "Actors": "Matthew McConaughey, Colin Farrell, Woody Harrelson, Rachel McAdams",
    "Plot": "An anthology series in which police investigations unearth the personal and professional secrets of those involved, both within and outside the law.",
    "Language": "English",
    "Country": "USA",
    "Awards": "Nominated for 4 Golden Globes. Another 24 wins & 40 nominations.",
    "Poster": "http://ia.media-imdb.com/images/M/MV5BMTUzNTMwODI1OV5BMl5BanBnXkFtZTgwMDIzMTQ0NTE@._V1_SX300.jpg",
    "Metascore": "N/A",
    "imdbRating": "9.1",
    "imdbVotes": "300,438",
    "imdbID": "tt2356777",
    "Type": "series"
  },
  {
    "Title": "Hawaii Five-0",
    "Year": "2010–",
    "Rated": "TV-14",
    "Released": "20 Sep 2010",
    "Runtime": "42 min",
    "Genre": "Action, Crime, Drama",
    "Director": "N/A",
    "Writer": "Leonard Freeman, Alex Kurtzman, Peter M. Lenkov, Roberto Orci",
    "Actors": "Alex O'Loughlin, Scott Caan, Daniel Dae Kim, Grace Park",
    "Plot": "Steve McGarrett returns home to Oahu, in order to find his father's killer. The governor offers him the chance to run his own task force (Five-0). Steve's team is joined by Chin Ho Kelly, Danny \"Danno\" Williams, and Kono Kalakaua.",
    "Language": "English",
    "Country": "USA",
    "Awards": "Nominated for 1 Golden Globe. Another 6 wins & 17 nominations.",
    "Poster": "http://ia.media-imdb.com/images/M/MV5BMTgyNDk4ODk5MF5BMl5BanBnXkFtZTgwNjY5ODc0NjE@._V1_SX300.jpg",
    "Metascore": "N/A",
    "imdbRating": "7.4",
    "imdbVotes": "44,099",
    "imdbID": "tt1600194",
    "Type": "series"
  },
  {
    "Title": "Cosmos: A Spacetime Odyssey",
    "Year": "2014",
    "Rated": "TV-PG",
    "Released": "09 Mar 2014",
    "Runtime": "557 min",
    "Genre": "Documentary",
    "Director": "N/A",
    "Writer": "N/A",
    "Actors": "Neil deGrasse Tyson, Carl Sagan",
    "Plot": "A documentary series that explores how we discovered the laws of nature and found our coordinates in space and time.",
    "Language": "English",
    "Country": "USA",
    "Awards": "Won 3 Primetime Emmys. Another 8 wins & 21 nominations.",
    "Poster": "http://ia.media-imdb.com/images/M/MV5BMTc5NzgwNDE3N15BMl5BanBnXkFtZTgwNDAxMTY5MTE@._V1._CR51,41,938,1336_SY132_CR2,0,89,132_AL_.jpg_V1_SX300.jpg",
    "Metascore": "N/A",
    "imdbRating": "9.4",
    "imdbVotes": "47,571",
    "imdbID": "tt2395695",
    "Type": "series"
  },
  {
    "Title": "Last Week Tonight with John Oliver",
    "Year": "2014–",
    "Rated": "TV-MA",
    "Released": "27 Apr 2014",
    "Runtime": "30 min",
    "Genre": "Comedy, News, Talk-Show",
    "Director": "N/A",
    "Writer": "N/A",
    "Actors": "John Oliver, David Kaye",
    "Plot": "Former Daily Show Correspondent John Oliver brings his persona to this new weekly news satire program.",
    "Language": "English",
    "Country": "USA",
    "Awards": "Won 1 Primetime Emmy. Another 3 wins & 13 nominations.",
    "Poster": "http://ia.media-imdb.com/images/M/MV5BNTgyMzIzNDAyM15BMl5BanBnXkFtZTgwMTE1Mzg0MTE@._V1_SX300.jpg",
    "Metascore": "N/A",
    "imdbRating": "9.2",
    "imdbVotes": "27,218",
    "imdbID": "tt3530232",
    "Type": "series"
  },
  {
    "Title": "The Daily Show",
    "Year": "1996–",
    "Rated": "TV-14",
    "Released": "22 Jul 1996",
    "Runtime": "30 min",
    "Genre": "Comedy, News, Talk-Show",
    "Director": "N/A",
    "Writer": "Lizz Winstead, Madeleine Smithberg",
    "Actors": "Jon Stewart",
    "Plot": "America's top fake news show.",
    "Language": "English",
    "Country": "USA",
    "Awards": "Won 23 Primetime Emmys. Another 27 wins & 115 nominations.",
    "Poster": "http://ia.media-imdb.com/images/M/MV5BNTg0MzEzMjQ4OV5BMl5BanBnXkFtZTcwNjk5NzkyMQ@@._V1._CR26,5,333,403_SY132_CR10,0,89,132_AL_.jpg_V1_SX300.jpg",
    "Metascore": "N/A",
    "imdbRating": "8.8",
    "imdbVotes": "31,031",
    "imdbID": "tt0115147",
    "Type": "series"
  },
  {
    "Title": "House M.D.",
    "Year": "2004–2012",
    "Rated": "TV-14",
    "Released": "16 Nov 2004",
    "Runtime": "44 min",
    "Genre": "Drama, Mystery",
    "Director": "N/A",
    "Writer": "David Shore",
    "Actors": "Hugh Laurie, Omar Epps, Robert Sean Leonard, Jesse Spencer",
    "Plot": "An antisocial maverick doctor who specializes in diagnostic medicine does whatever it takes to solve puzzling cases that come his way using his crack team of doctors and his wits.",
    "Language": "English",
    "Country": "USA",
    "Awards": "Won 2 Golden Globes. Another 51 wins & 117 nominations.",
    "Poster": "http://ia.media-imdb.com/images/M/MV5BMjA4NTkzNjg1OF5BMl5BanBnXkFtZTcwNjg3MTI1Ng@@._V1_SX300.jpg",
    "Metascore": "N/A",
    "imdbRating": "8.8",
    "imdbVotes": "285,972",
    "imdbID": "tt0412142",
    "Type": "series"
  },
  {
    "Title": "The Colbert Report",
    "Year": "2005–2015",
    "Rated": "TV-14",
    "Released": "17 Oct 2005",
    "Runtime": "30 min",
    "Genre": "Comedy, News, Talk-Show",
    "Director": "N/A",
    "Writer": "N/A",
    "Actors": "Stephen Colbert",
    "Plot": "Satirical newscaster Stephen Colbert provides humorous commentary on the big issues going on in the United States and the rest of the world, with his larger-than-life ego and overly-patriotic spirit along with him every step of the way.",
    "Language": "English",
    "Country": "USA",
    "Awards": "Won 7 Primetime Emmys. Another 15 wins & 72 nominations.",
    "Poster": "http://ia.media-imdb.com/images/M/MV5BMTM1NzE5OTI5NV5BMl5BanBnXkFtZTcwNjY5NTI1MQ@@._V1_SX300.jpg",
    "Metascore": "N/A",
    "imdbRating": "8.7",
    "imdbVotes": "28,418",
    "imdbID": "tt0458254",
    "Type": "series"
  },
  {
    "Title": "The Newsroom",
    "Year": "2012–2014",
    "Rated": "TV-MA",
    "Released": "24 Jun 2012",
    "Runtime": "55 min",
    "Genre": "Drama",
    "Director": "N/A",
    "Writer": "Aaron Sorkin",
    "Actors": "Jeff Daniels, Emily Mortimer, John Gallagher Jr., Alison Pill",
    "Plot": "A newsroom undergoes some changes in its workings and morals as a new team is brought in, bringing unexpected results for its existing news anchor.",
    "Language": "English",
    "Country": "USA",
    "Awards": "Nominated for 2 Golden Globes. Another 8 wins & 29 nominations.",
    "Poster": "http://ia.media-imdb.com/images/M/MV5BMTEyMzc0ODAwMjVeQTJeQWpwZ15BbWU4MDMxODk4OTIx._V1_SX300.jpg",
    "Metascore": "N/A",
    "imdbRating": "8.6",
    "imdbVotes": "75,442",
    "imdbID": "tt1870479",
    "Type": "series"
  },
  {
    "Title": "Top Gear",
    "Year": "2002–",
    "Rated": "N/A",
    "Released": "20 Oct 2002",
    "Runtime": "60 min",
    "Genre": "Comedy, Talk-Show",
    "Director": "N/A",
    "Writer": "N/A",
    "Actors": "Richard Hammond, Jeremy Clarkson, James May, Ben Collins",
    "Plot": "Jeremy, Richard and James talk about everything car-related. From new cars to how they're fueled, this show has it all.",
    "Language": "English",
    "Country": "UK",
    "Awards": "11 wins & 16 nominations.",
    "Poster": "http://ia.media-imdb.com/images/M/MV5BMTM2OTYwMjIzOV5BMl5BanBnXkFtZTcwNTMzNTAwMQ@@._V1._CR0,0,317,396_SY132_CR8,0,89,132_AL_.jpg_V1_SX300.jpg",
    "Metascore": "N/A",
    "imdbRating": "8.9",
    "imdbVotes": "70,914",
    "imdbID": "tt1628033",
    "Type": "series"
  },
  {
    "Title": "Goodfellas",
    "Year": "1990",
    "Rated": "R",
    "Released": "21 Sep 1990",
    "Runtime": "146 min",
    "Genre": "Biography, Crime, Drama",
    "Director": "Martin Scorsese",
    "Writer": "Nicholas Pileggi (book), Nicholas Pileggi (screenplay), Martin Scorsese (screenplay)",
    "Actors": "Robert De Niro, Ray Liotta, Joe Pesci, Lorraine Bracco",
    "Plot": "Henry Hill and his friends work their way up through the mob hierarchy.",
    "Language": "English, Italian",
    "Country": "USA",
    "Awards": "Won 1 Oscar. Another 37 wins & 31 nominations.",
    "Poster": "http://ia.media-imdb.com/images/M/MV5BMTY2OTE5MzQ3MV5BMl5BanBnXkFtZTgwMTY2NTYxMTE@._V1_SX300.jpg",
    "Metascore": "89",
    "imdbRating": "8.7",
    "imdbVotes": "682,729",
    "imdbID": "tt0099685",
    "Type": "movie"
  },
  {
    "Title": "Inside Out",
    "Year": "2015",
    "Rated": "PG",
    "Released": "19 Jun 2015",
    "Runtime": "95 min",
    "Genre": "Animation, Adventure, Comedy",
    "Director": "Pete Docter, Ronnie Del Carmen",
    "Writer": "Pete Docter (original story by), Ronnie Del Carmen (original story by), Pete Docter (screenplay), Meg LeFauve (screenplay), Josh Cooley (screenplay)",
    "Actors": "Amy Poehler, Phyllis Smith, Richard Kind, Bill Hader",
    "Plot": "After young Riley is uprooted from her Midwest life and moved to San Francisco, her emotions - Joy, Fear, Anger, Disgust and Sadness - conflict on how best to navigate a new city, house, and school.",
    "Language": "English",
    "Country": "USA",
    "Awards": "Won 1 Golden Globe. Another 28 wins & 77 nominations.",
    "Poster": "http://ia.media-imdb.com/images/M/MV5BOTgxMDQwMDk0OF5BMl5BanBnXkFtZTgwNjU5OTg2NDE@._V1_SX300.jpg",
    "Metascore": "94",
    "imdbRating": "8.3",
    "imdbVotes": "243,897",
    "imdbID": "tt2096673",
    "Type": "movie"
  },
  {
    "Title": "Inglourious Basterds",
    "Year": "2009",
    "Rated": "R",
    "Released": "21 Aug 2009",
    "Runtime": "153 min",
    "Genre": "Adventure, Drama, War",
    "Director": "Quentin Tarantino, Eli Roth",
    "Writer": "Quentin Tarantino",
    "Actors": "Brad Pitt, Mélanie Laurent, Christoph Waltz, Eli Roth",
    "Plot": "In Nazi-occupied France during World War II, a plan to assassinate Nazi leaders by a group of Jewish U.S. soldiers coincides with a theatre owner's vengeful plans for the same.",
    "Language": "English, German, French, Italian",
    "Country": "USA, Germany",
    "Awards": "Won 1 Oscar. Another 117 wins & 143 nominations.",
    "Poster": "http://ia.media-imdb.com/images/M/MV5BMjIzMDI4MTUzOV5BMl5BanBnXkFtZTcwNDY3NjA3Mg@@._V1_SX300.jpg",
    "Metascore": "69",
    "imdbRating": "8.3",
    "imdbVotes": "819,381",
    "imdbID": "tt0361748",
    "Type": "movie"
  }
]